{"cameraMode":{"drawMode":0,"name":"Shaded","section":"Shading Mode"},"sceneLighting":false,"audioPlay":false,"sceneViewState":{"m_AlwaysRefresh":false,"showFog":true,"showSkybox":false,"showFlares":true,"showImageEffects":true,"showParticleSystems":true,"showVisualEffectGraphs":true,"m_FxEnabled":true},"in2DMode":false,"pivot":{"x":727.4393310546875,"y":730.3072509765625,"z":728.694580078125},"rotation":{"x":-0.027110420167446138,"y":-0.11489739269018173,"z":-0.9930117130279541,"w":0.0031438744626939298},"size":1347.1270751953125,"orthographic":false}